<?xml version="1.0" encoding="UTF-8"?>
<!DOCTYPE struts-config PUBLIC "-//Apache Software Foundation//DTD Struts 
Configuration 1.3//EN" "http://struts.apache.org/dtds/struts-config_1_3.dtd">
<struts-config>
	<form-beans>
		<form-bean name="DangNhapForm" type="form.DangNhapForm"></form-bean>
		<form-bean name="NhanVienForm" type="form.NhanVienForm"></form-bean>
	</form-beans>
	<action-mappings>
		<action input="/dangNhap.jsp" name="DangNhapForm"
			path="/dangNhap" scope="request" type="action.DangNhapAction">
			<forward name="trangNhanVien" path="/bangDieuKhien.jsp"
				redirect="true" />
			<forward name="thatBai" path="/dangNhap.jsp" /><forward
				name="trangAdmin" path="/bangDieuKhien.jsp" redirect="true">
</forward>
		</action>
		<action input="/dangNhap.jsp" name="danhSachSinhVienForm"
			path="/danh-sach" scope="request" type="action.DanhSachSinhVienAction">
			<forward name="dsSinhVien" path="/danhSachSinhVien.jsp" />
		</action>
		<action input="/themSinhVien.jsp" name="sinhVienForm"
			path="/themSV" scope="request" type="action.ThemSinhVienAction" validate="true">
			<forward name="themSV" path="/themSinhVien.jsp" />
			<forward name="themSVerror" path="/themSinhVien.jsp" />
			<forward name="themSVxong" path="/danh-sach.do" redirect="true"/>
		</action>
		<action input="/suaSinhVien.jsp" name="sinhVienForm"
			path="/suaSV" scope="request" type="action.SuaSinhVienAction">
			<forward name="suaSV" path="/suaSinhVien.jsp" />
			<forward name="suaSVxong" path="/danh-sach.do" redirect="true" />
		</action>
		<action input="/dangNhap.jsp" name="sinhVienForm"
			path="/xoaSV" scope="request" type="action.XoaSinhVienAction">
			<forward name="xoaSV" path="/xoaSinhVien.jsp" />
			<forward name="xoaSVxong" path="/danh-sach.do" redirect="true"/>
		</action>
		
		
		
		
		
		<action input="/themThongTinNhanVien.jsp" name="NhanVienForm"
			path="/themNV" scope="request" type="action.ThemNhanVienAction">
			<forward name="dsSinhVien" path="/danhSachSinhVien.jsp" />
			
		</action>
		
		
		
		
		
	</action-mappings>
	<message-resources parameter="action.ApplicationResources" />
	
</struts-config>
